relative_path,bytes,sha256
batch_pilot_materials/EP001/《第七百六一期》美国八月PPI跳涨，美联储9月加息概率大增，美国柴油平均价格突破6美元一加仑-p01-16.mp4,89096576,272edc16e6268c7d29ea6787416c3cda39310cb632d8d52e72f7d13c0f66849e
batch_pilot_materials/EP002/《第七百六三期》美联储9月加息将近，对市场会产生哪些影响？-p01-16.mp4,113437016,9ea83e422d4f4c291fd5ac47166c0360a928d87e97042a7cafffc5c1fb3d3244
batch_pilot_materials/EP003/《第七百六五期》美联储时隔三年再次加息，仅此一次还是紧缩开始？沃什加息，特朗普怎么办？-p01-16.mp4,95767458,6737b1dbff56d6d9daa319a487636aa5f3f0cfaea644470187a1aff19acf00f8
batch_pilot_materials/EP004/《第七百六〇期》创新药潜力看什么？-p01-16.mp4,72241084,3dca6600420666b74da097b7c78c3e3694a2bbeefab63ece37efb1b6016079e5
batch_pilot_materials/EP005/《第七百五四期》房地产新规会有哪些影响？-p01-16.mp4,96045340,304fecd9bda39a50f2ba68787ad51d57cc5ebf3c339a142792faee8d841dacb3
batch_pilot_materials/EP006/~第1452期~贝森特高喊“经济诺曼底登陆”，特朗普难破中东困局，美国陆军部长辞职，中东战事不顺将如何影响美国中期选举？ 20260901-p01-16.mp4,55082491,08ed9188212f12fa51557ac35418e5a09086555eccf6a56954a171e9a61a9565
batch_pilot_materials/EP007/《第七百五二期》沃什放鹰，美联储九月是否加息？-p01-16.mp4,111226779,b5a3e844d34eef6be965926dedbd23e3fdf6a3644f0dd07f0177c37dc2e15139
batch_pilot_materials/EP008/《第七百五七期》美国八月非农传喜报，大幅超出预期是否会影响美联储9月加息预期？-p01-16.mp4,110677929,8a61545b48c78e85474f63e93013713bc17b1ed542c50935e94db9ced428a1a9
batch_pilot_materials/EP009/《第七百七〇期》美联储加息为何人民币保持升值？没有加息条件强行加息代价是什么？谁来支付？-p01-16.mp4,105653523,7e07808ab39810963a98155a1b43b24005f67f43d656addbc13e940cbb97e807
